[
  {
    "model": "app.resource",
    "pk": 1,
    "fields": {
      "filename": "python3resource.py",
      "status": "start",
      "language": "python3",
      "assessment": 1,
      "created_at": "2018-02-27T14:33:54.835Z",
      "updated_at": "2018-02-27T14:33:54.835Z"
    }
  },
  {
    "model": "app.inputgenerator",
    "pk": 1,
    "fields": {
      "filename": "python3generator.py",
      "language": "python3",
      "assessment": 1,
      "created_at": "2018-02-27T14:33:54.848Z",
      "updated_at": "2018-02-27T14:33:54.848Z"
    }
  },
  {
    "model": "app.inputgenerator",
    "pk": 3,
    "fields": {
      "filename": "python3generator.py",
      "language": "python3",
      "assessment": 1,
      "created_at": "2018-02-27T22:42:02.619Z",
      "updated_at": "2018-02-27T22:42:02.619Z"
    }
  },
  {
    "model": "app.assessment",
    "pk": 1,
    "fields": {
      "name": "The grand assessment of the north 1",
      "description": "Furl Admiral of the Black lugger bowsprit shrouds reef list driver lass crimp. Gangplank grapple code of conduct chase smartly Admiral of the Black American Main provost Shiver me timbers deadlights. Yo-ho-ho brig sheet Shiver me timbers Sea Legs shrouds doubloon hempen halter clipper carouser.",
      "additional_help": "Davy Jones' Locker hogshead keel coffer wherry rigging spike Privateer red ensign cutlass. Scurvy coxswain holystone scallywag prow nipper splice the main brace hands case shot starboard. Yard Letter of Marque lanyard yardarm Plate Fleet bilge squiffy schooner holystone hail-shot.",
      "deadline": "2018-02-24T00:00:00Z",
      "static_input": false,
      "dynamic_input": false,
      "num_of_static": 0,
      "languages": "Python2,Python3,Ruby,C,CPlus,Java",
      "resource": 1,
      "course": 1,
      "input_generator": 1,
      "created_at": "2018-02-02T14:33:54.822Z",
      "updated_at": "2018-02-01T14:33:54.853Z"
    }
  },
  {
    "model": "app.assessment",
    "pk": 2,
    "fields": {
      "name": "The grand assessment of the north 2",
      "description": "Furl Admiral of the Black lugger bowsprit shrouds reef list driver lass crimp. Gangplank grapple code of conduct chase smartly Admiral of the Black American Main provost Shiver me timbers deadlights. Yo-ho-ho brig sheet Shiver me timbers Sea Legs shrouds doubloon hempen halter clipper carouser.",
      "additional_help": "Davy Jones' Locker hogshead keel coffer wherry rigging spike Privateer red ensign cutlass. Scurvy coxswain holystone scallywag prow nipper splice the main brace hands case shot starboard. Yard Letter of Marque lanyard yardarm Plate Fleet bilge squiffy schooner holystone hail-shot.",
      "deadline": "2018-02-27T00:00:00Z",
      "static_input": false,
      "dynamic_input": false,
      "num_of_static": 0,
      "languages": "Python2,Python3,Ruby,C,CPlus,Java",
      "resource": 1,
      "course": 1,
      "input_generator": 1,
      "created_at": "2018-02-10T14:33:54.822Z",
      "updated_at": "2018-02-03T14:33:54.853Z"
    }
  },
  {
    "model": "app.assessment",
    "pk": 3,
    "fields": {
      "name": "The grand assessment of the north 3",
      "description": "Furl Admiral of the Black lugger bowsprit shrouds reef list driver lass crimp. Gangplank grapple code of conduct chase smartly Admiral of the Black American Main provost Shiver me timbers deadlights. Yo-ho-ho brig sheet Shiver me timbers Sea Legs shrouds doubloon hempen halter clipper carouser.",
      "additional_help": "Davy Jones' Locker hogshead keel coffer wherry rigging spike Privateer red ensign cutlass. Scurvy coxswain holystone scallywag prow nipper splice the main brace hands case shot starboard. Yard Letter of Marque lanyard yardarm Plate Fleet bilge squiffy schooner holystone hail-shot.",
      "deadline": "2018-02-27T00:00:00Z",
      "static_input": false,
      "dynamic_input": false,
      "num_of_static": 0,
      "languages": "Python2,Python3,Ruby,C,CPlus,Java",
      "resource": 1,
      "course": 1,
      "input_generator": 1,
      "created_at": "2018-02-15T14:33:54.822Z",
      "updated_at": "2018-02-04T14:33:54.853Z"
    }
  },
  {
    "model": "app.assessment",
    "pk": 4,
    "fields": {
      "name": "The grand assessment of the north 4",
      "description": "Furl Admiral of the Black lugger bowsprit shrouds reef list driver lass crimp. Gangplank grapple code of conduct chase smartly Admiral of the Black American Main provost Shiver me timbers deadlights. Yo-ho-ho brig sheet Shiver me timbers Sea Legs shrouds doubloon hempen halter clipper carouser.",
      "additional_help": "Davy Jones' Locker hogshead keel coffer wherry rigging spike Privateer red ensign cutlass. Scurvy coxswain holystone scallywag prow nipper splice the main brace hands case shot starboard. Yard Letter of Marque lanyard yardarm Plate Fleet bilge squiffy schooner holystone hail-shot.",
      "deadline": "2018-02-27T00:00:00Z",
      "static_input": false,
      "dynamic_input": false,
      "num_of_static": 0,
      "languages": "Python2,Python3,Ruby,C,CPlus,Java",
      "resource": 1,
      "course": 1,
      "input_generator": 1,
      "created_at": "2018-02-17T14:33:54.822Z",
      "updated_at": "2018-02-06T14:33:54.853Z"
    }
  },
  {
    "model": "app.assessment",
    "pk": 5,
    "fields": {
      "name": "The grand assessment of the north 5",
      "description": "Furl Admiral of the Black lugger bowsprit shrouds reef list driver lass crimp. Gangplank grapple code of conduct chase smartly Admiral of the Black American Main provost Shiver me timbers deadlights. Yo-ho-ho brig sheet Shiver me timbers Sea Legs shrouds doubloon hempen halter clipper carouser.",
      "additional_help": "Davy Jones' Locker hogshead keel coffer wherry rigging spike Privateer red ensign cutlass. Scurvy coxswain holystone scallywag prow nipper splice the main brace hands case shot starboard. Yard Letter of Marque lanyard yardarm Plate Fleet bilge squiffy schooner holystone hail-shot.",
      "deadline": "2018-02-27T00:00:00Z",
      "static_input": false,
      "dynamic_input": false,
      "num_of_static": 0,
      "languages": "Python2,Python3,Ruby,C,CPlus,Java",
      "resource": 1,
      "course": 1,
      "input_generator": 1,
      "created_at": "2018-02-01T14:33:54.822Z",
      "updated_at": "2018-02-11T14:33:54.853Z"
    }
  },
  {
    "model": "app.assessment",
    "pk": 6,
    "fields": {
      "name": "The grand assessment of the north 6",
      "description": "Furl Admiral of the Black lugger bowsprit shrouds reef list driver lass crimp. Gangplank grapple code of conduct chase smartly Admiral of the Black American Main provost Shiver me timbers deadlights. Yo-ho-ho brig sheet Shiver me timbers Sea Legs shrouds doubloon hempen halter clipper carouser.",
      "additional_help": "Davy Jones' Locker hogshead keel coffer wherry rigging spike Privateer red ensign cutlass. Scurvy coxswain holystone scallywag prow nipper splice the main brace hands case shot starboard. Yard Letter of Marque lanyard yardarm Plate Fleet bilge squiffy schooner holystone hail-shot.",
      "deadline": "2018-02-27T00:00:00Z",
      "static_input": false,
      "dynamic_input": false,
      "num_of_static": 0,
      "languages": "Python2,Python3,Ruby,C,CPlus,Java",
      "resource": 1,
      "course": 2,
      "input_generator": 1,
      "created_at": "2018-02-25T14:33:54.822Z",
      "updated_at": "2018-02-13T14:33:54.853Z"
    }
  },
  {
    "model": "app.assessment",
    "pk": 7,
    "fields": {
      "name": "The grand assessment of the north 7",
      "description": "Furl Admiral of the Black lugger bowsprit shrouds reef list driver lass crimp. Gangplank grapple code of conduct chase smartly Admiral of the Black American Main provost Shiver me timbers deadlights. Yo-ho-ho brig sheet Shiver me timbers Sea Legs shrouds doubloon hempen halter clipper carouser.",
      "additional_help": "Davy Jones' Locker hogshead keel coffer wherry rigging spike Privateer red ensign cutlass. Scurvy coxswain holystone scallywag prow nipper splice the main brace hands case shot starboard. Yard Letter of Marque lanyard yardarm Plate Fleet bilge squiffy schooner holystone hail-shot.",
      "deadline": "2018-02-27T00:00:00Z",
      "static_input": false,
      "dynamic_input": false,
      "num_of_static": 0,
      "languages": "Python2,Python3,Ruby,C,CPlus,Java",
      "resource": 1,
      "course": 2,
      "input_generator": 1,
      "created_at": "2018-03-04T14:33:54.822Z",
      "updated_at": "2018-02-27T14:33:54.853Z"
    }
  },
  {
    "model": "app.assessment",
    "pk": 8,
    "fields": {
      "name": "The grand assessment of the north 8",
      "description": "Furl Admiral of the Black lugger bowsprit shrouds reef list driver lass crimp. Gangplank grapple code of conduct chase smartly Admiral of the Black American Main provost Shiver me timbers deadlights. Yo-ho-ho brig sheet Shiver me timbers Sea Legs shrouds doubloon hempen halter clipper carouser.",
      "additional_help": "Davy Jones' Locker hogshead keel coffer wherry rigging spike Privateer red ensign cutlass. Scurvy coxswain holystone scallywag prow nipper splice the main brace hands case shot starboard. Yard Letter of Marque lanyard yardarm Plate Fleet bilge squiffy schooner holystone hail-shot.",
      "deadline": "2018-02-27T00:00:00Z",
      "static_input": false,
      "dynamic_input": false,
      "num_of_static": 0,
      "languages": "Python2,Python3,Ruby,C,CPlus,Java",
      "resource": 1,
      "course": 2,
      "input_generator": 1,
      "created_at": "2018-03-10T14:33:54.822Z",
      "updated_at": "2018-02-27T14:33:54.853Z"
    }
  },
  {
    "model": "app.assessment",
    "pk": 9,
    "fields": {
      "name": "The grand assessment of the north 9",
      "description": "Furl Admiral of the Black lugger bowsprit shrouds reef list driver lass crimp. Gangplank grapple code of conduct chase smartly Admiral of the Black American Main provost Shiver me timbers deadlights. Yo-ho-ho brig sheet Shiver me timbers Sea Legs shrouds doubloon hempen halter clipper carouser.",
      "additional_help": "Davy Jones' Locker hogshead keel coffer wherry rigging spike Privateer red ensign cutlass. Scurvy coxswain holystone scallywag prow nipper splice the main brace hands case shot starboard. Yard Letter of Marque lanyard yardarm Plate Fleet bilge squiffy schooner holystone hail-shot.",
      "deadline": "2018-02-27T00:00:00Z",
      "static_input": false,
      "dynamic_input": false,
      "num_of_static": 0,
      "languages": "Python2,Python3,Ruby,C,CPlus,Java",
      "resource": 1,
      "course": 2,
      "input_generator": 1,
      "created_at": "2018-02-27T14:33:54.822Z",
      "updated_at": "2018-02-27T14:33:54.853Z"
    }
  },
  {
    "model": "app.assessment",
    "pk": 10,
    "fields": {
      "name": "The grand assessment of the north 10",
      "description": "Furl Admiral of the Black lugger bowsprit shrouds reef list driver lass crimp. Gangplank grapple code of conduct chase smartly Admiral of the Black American Main provost Shiver me timbers deadlights. Yo-ho-ho brig sheet Shiver me timbers Sea Legs shrouds doubloon hempen halter clipper carouser.",
      "additional_help": "Davy Jones' Locker hogshead keel coffer wherry rigging spike Privateer red ensign cutlass. Scurvy coxswain holystone scallywag prow nipper splice the main brace hands case shot starboard. Yard Letter of Marque lanyard yardarm Plate Fleet bilge squiffy schooner holystone hail-shot.",
      "deadline": "2018-02-27T00:00:00Z",
      "static_input": false,
      "dynamic_input": false,
      "num_of_static": 0,
      "languages": "Python2,Python3,Ruby,C,CPlus,Java",
      "resource": 1,
      "course": 2,
      "input_generator": 1,
      "created_at": "2018-02-27T14:33:54.822Z",
      "updated_at": "2018-02-27T14:33:54.853Z"
    }
  },
  {
    "model": "app.assessment",
    "pk": 11,
    "fields": {
      "name": "The grand assessment of the north 11",
      "description": "Furl Admiral of the Black lugger bowsprit shrouds reef list driver lass crimp. Gangplank grapple code of conduct chase smartly Admiral of the Black American Main provost Shiver me timbers deadlights. Yo-ho-ho brig sheet Shiver me timbers Sea Legs shrouds doubloon hempen halter clipper carouser.",
      "additional_help": "Davy Jones' Locker hogshead keel coffer wherry rigging spike Privateer red ensign cutlass. Scurvy coxswain holystone scallywag prow nipper splice the main brace hands case shot starboard. Yard Letter of Marque lanyard yardarm Plate Fleet bilge squiffy schooner holystone hail-shot.",
      "deadline": "2018-02-27T00:00:00Z",
      "static_input": false,
      "dynamic_input": false,
      "num_of_static": 0,
      "languages": "Python2,Python3,Ruby,C,CPlus,Java",
      "resource": 1,
      "course": 3,
      "input_generator": 1,
      "created_at": "2018-02-27T14:33:54.822Z",
      "updated_at": "2018-02-27T14:33:54.853Z"
    }
  },
  {
    "model": "contenttypes.contenttype",
    "pk": 1,
    "fields": {
      "app_label": "app",
      "model": "assessment"
    }
  },
  {
    "model": "contenttypes.contenttype",
    "pk": 2,
    "fields": {
      "app_label": "app",
      "model": "course"
    }
  },
  {
    "model": "contenttypes.contenttype",
    "pk": 3,
    "fields": {
      "app_label": "app",
      "model": "inputgenerator"
    }
  },
  {
    "model": "contenttypes.contenttype",
    "pk": 4,
    "fields": {
      "app_label": "app",
      "model": "resource"
    }
  },
  {
    "model": "contenttypes.contenttype",
    "pk": 5,
    "fields": {
      "app_label": "app",
      "model": "submission"
    }
  },
  {
    "model": "contenttypes.contenttype",
    "pk": 6,
    "fields": {
      "app_label": "admin",
      "model": "logentry"
    }
  },
  {
    "model": "contenttypes.contenttype",
    "pk": 7,
    "fields": {
      "app_label": "auth",
      "model": "permission"
    }
  },
  {
    "model": "contenttypes.contenttype",
    "pk": 8,
    "fields": {
      "app_label": "auth",
      "model": "group"
    }
  },
  {
    "model": "contenttypes.contenttype",
    "pk": 9,
    "fields": {
      "app_label": "auth",
      "model": "user"
    }
  },
  {
    "model": "contenttypes.contenttype",
    "pk": 10,
    "fields": {
      "app_label": "contenttypes",
      "model": "contenttype"
    }
  },
  {
    "model": "contenttypes.contenttype",
    "pk": 11,
    "fields": {
      "app_label": "sessions",
      "model": "session"
    }
  },
  {
    "model": "contenttypes.contenttype",
    "pk": 12,
    "fields": {
      "app_label": "authtoken",
      "model": "token"
    }
  },
  {
    "model": "sessions.session",
    "pk": "g95gshqc88u3385x6nvpqhrzroaottq7",
    "fields": {
      "session_data": "NmJkMzg3MTE0ZDViMGQ4YTE3MzEwMmZjNjk5M2UwYjkzOTFhZTlhODp7Il9hdXRoX3VzZXJfaWQiOiIxIiwiX2F1dGhfdXNlcl9iYWNrZW5kIjoiZGphbmdvLmNvbnRyaWIuYXV0aC5iYWNrZW5kcy5Nb2RlbEJhY2tlbmQiLCJfYXV0aF91c2VyX2hhc2giOiIyM2NhNmM1NTE3MmJhNzI5MTE4MzI0YzEyYjVmYjViOTIwNGZkY2M4In0=",
      "expire_date": "2018-03-14T00:57:36.526Z"
    }
  },
  {
    "model": "auth.permission",
    "pk": 1,
    "fields": {
      "name": "Can add assessment",
      "content_type": 1,
      "codename": "add_assessment"
    }
  },
  {
    "model": "auth.permission",
    "pk": 2,
    "fields": {
      "name": "Can change assessment",
      "content_type": 1,
      "codename": "change_assessment"
    }
  },
  {
    "model": "auth.permission",
    "pk": 3,
    "fields": {
      "name": "Can delete assessment",
      "content_type": 1,
      "codename": "delete_assessment"
    }
  },
  {
    "model": "auth.permission",
    "pk": 4,
    "fields": {
      "name": "Can add course",
      "content_type": 2,
      "codename": "add_course"
    }
  },
  {
    "model": "auth.permission",
    "pk": 5,
    "fields": {
      "name": "Can change course",
      "content_type": 2,
      "codename": "change_course"
    }
  },
  {
    "model": "auth.permission",
    "pk": 6,
    "fields": {
      "name": "Can delete course",
      "content_type": 2,
      "codename": "delete_course"
    }
  },

  {
    "model": "auth.group",
    "pk": 1,
    "fields": {
      "name": "professor",
      "permissions": [
        16,
        17,
        18,
        1,
        2,
        3,
        4,
        5,
        37,
        6,
        7,
        8,
        9,
        10,
        11,
        12,
        13,
        14,
        15,
        22,
        23,
        24,
        19,
        20,
        21,
        25,
        26,
        27,
        34,
        35,
        36,
        28,
        29,
        30,
        31,
        32,
        33
      ]
    }
  },
  {
    "model": "auth.group",
    "pk": 2,
    "fields": {
      "name": "administrator",
      "permissions": []
    }
  },
  {
    "model": "auth.group",
    "pk": 3,
    "fields": {
      "name": "student",
      "permissions": [
        10,
        13,
        34,
        31
      ]
    }
  },
  {
    "model": "auth.user",
    "pk": 1,
    "fields": {
      "password": "pbkdf2_sha256$36000$WNw6K79uqeRt$tNl0C7jLTyuMcqnLHdokh+v4zfWnhDv3WrMhT975hRM=",
      "last_login": "2018-02-28T00:57:36.522Z",
      "is_superuser": true,
      "username": "Administrator",
      "first_name": "",
      "last_name": "",
      "email": "admin@admin.com",
      "is_staff": true,
      "is_active": true,
      "date_joined": "2018-02-27T14:15:01.904Z",
      "groups": [
        1
      ],
      "user_permissions": []
    }
  },
  {
    "model": "auth.user",
    "pk": 2,
    "fields": {
      "password": "pbkdf2_sha256$36000$nSjhNZ9k73zY$oGnTN3TNorwpnycPvpWRc2iuYKJkhNar8zbKEVHGpwY=",
      "last_login": null,
      "is_superuser": false,
      "username": "testuser123",
      "first_name": "",
      "last_name": "",
      "email": "aberdeen@israiny.com",
      "is_staff": false,
      "is_active": true,
      "date_joined": "2018-02-27T15:44:05.854Z",
      "groups": [
        3
      ],
      "user_permissions": []
    }
  },
  {
    "model": "auth.user",
    "pk": 3,
    "fields": {
      "password": "pbkdf2_sha256$36000$YcJzYkWY3EnX$nf2TQL5SWIm8lyiS6fXU4St7dq1e0iT/2/5TfBXdvfs=",
      "last_login": null,
      "is_superuser": true,
      "username": "whatislove",
      "first_name": "",
      "last_name": "",
      "email": "iamthechosen@one.com",
      "is_staff": true,
      "is_active": true,
      "date_joined": "2018-02-27T15:44:25.422Z",
      "groups": [],
      "user_permissions": []
    }
  },
  {
    "model": "admin.logentry",
    "pk": 1,
    "fields": {
      "action_time": "2018-02-28T01:10:41.169Z",
      "user": 1,
      "content_type": 1,
      "object_id": "13",
      "object_repr": "Assessment: 13  gfdvxv",
      "action_flag": 3,
      "change_message": ""
    }
  },
  {
    "model": "admin.logentry",
    "pk": 2,
    "fields": {
      "action_time": "2018-02-28T01:10:44.928Z",
      "user": 1,
      "content_type": 1,
      "object_id": "15",
      "object_repr": "Assessment: 15  zf",
      "action_flag": 3,
      "change_message": ""
    }
  },
  {
    "model": "app.submission",
    "pk": 1,
    "fields": {
      "filename": "python3resource.py",
      "info": "All tests cleared! Great job!",
      "timeTaken": "0.0000",
      "late": false,
      "status": "complete",
      "result": "pass",
      "language": "python3",
      "marks": 29,
      "user": 2,
      "assessment": 1,
      "created_at": "2018-02-27T14:34:43.162Z",
      "updated_at": "2018-03-15T22:54:25.172Z"
    }
  },
  {
    "model": "app.submission",
    "pk": 2,
    "fields": {
      "filename": "python3resource.py",
      "info": "All tests cleared! Great job!",
      "timeTaken": "0.0000",
      "late": false,
      "status": "complete",
      "result": "pass",
      "language": "python3",
      "marks": 100,
      "user": 1,
      "assessment": 2,
      "created_at": "2018-02-27T14:35:32.589Z",
      "updated_at": "2018-02-27T14:35:35.713Z"
    }
  },
  {
    "model": "app.submission",
    "pk": 3,
    "fields": {
      "filename": "python3resource.py",
      "info": "Awaiting result...",
      "timeTaken": "0.0000",
      "late": false,
      "status": "start",
      "result": "pass",
      "language": "python3",
      "marks": 20,
      "user": 1,
      "assessment": 3,
      "created_at": "2018-02-27T14:38:37.898Z",
      "updated_at": "2018-02-27T14:38:37.898Z"
    }
  },
  {
    "model": "app.submission",
    "pk": 4,
    "fields": {
      "filename": "python3resource.py",
      "info": "Awaiting result...",
      "timeTaken": "0.0000",
      "late": false,
      "status": "start",
      "result": "pass",
      "language": "python3",
      "marks": 70,
      "user": 1,
      "assessment": 4,
      "created_at": "2018-02-27T14:40:19.367Z",
      "updated_at": "2018-02-27T14:40:19.367Z"
    }
  },
  {
    "model": "app.submission",
    "pk": 5,
    "fields": {
      "filename": "python3resource.py",
      "info": "All tests cleared! Great job!",
      "timeTaken": "0.0000",
      "late": false,
      "status": "complete",
      "result": "pass",
      "language": "python3",
      "marks": 90,
      "user": 1,
      "assessment": 5,
      "created_at": "2018-02-27T14:41:47.623Z",
      "updated_at": "2018-02-27T14:41:50.818Z"
    }
  },
  {
    "model": "app.submission",
    "pk": 6,
    "fields": {
      "filename": "python3resource.py",
      "info": "All tests cleared! Great job!",
      "timeTaken": "0.0000",
      "late": false,
      "status": "complete",
      "result": "pass",
      "language": "python3",
      "marks": 4,
      "user": 1,
      "assessment": 6,
      "created_at": "2018-02-27T14:43:14.009Z",
      "updated_at": "2018-02-27T14:43:17.092Z"
    }
  },
  {
    "model": "app.submission",
    "pk": 7,
    "fields": {
      "filename": "python3resource.py",
      "info": "All tests cleared! Great job!",
      "timeTaken": "0.0000",
      "late": false,
      "status": "complete",
      "result": "pass",
      "language": "python3",
      "marks": 94,
      "user": 1,
      "assessment": 7,
      "created_at": "2018-02-27T14:53:11.279Z",
      "updated_at": "2018-02-27T14:53:14.365Z"
    }
  },
  {
    "model": "app.submission",
    "pk": 8,
    "fields": {
      "filename": "python3resource.py",
      "info": "All tests cleared! Great job!",
      "timeTaken": "0.0000",
      "late": false,
      "status": "complete",
      "result": "pass",
      "language": "python3",
      "marks": 73,
      "user": 1,
      "assessment": 8,
      "created_at": "2018-02-27T14:53:11.279Z",
      "updated_at": "2018-02-27T14:53:14.365Z"
    }
  },
  {
    "model": "app.submission",
    "pk": 9,
    "fields": {
      "filename": "python3resource.py",
      "info": "All tests cleared! Great job!",
      "timeTaken": "0.0000",
      "late": false,
      "status": "complete",
      "result": "pass",
      "language": "python3",
      "marks": 2,
      "user": 1,
      "assessment": 9,
      "created_at": "2018-02-27T14:43:14.009Z",
      "updated_at": "2018-02-27T14:43:17.092Z"
    }
  },
  {
    "model": "app.submission",
    "pk": 10,
    "fields": {
      "filename": "python3resource.py",
      "info": "All tests cleared! Great job!",
      "timeTaken": "0.0000",
      "late": false,
      "status": "complete",
      "result": "pass",
      "language": "python3",
      "marks": 56,
      "user": 1,
      "assessment": 10,
      "created_at": "2018-02-27T14:53:11.279Z",
      "updated_at": "2018-02-27T14:53:14.365Z"
    }
  },
  {
    "model": "app.submission",
    "pk": 11,
    "fields": {
      "filename": "python3resource.py",
      "info": "All tests cleared! Great job!",
      "timeTaken": "0.0000",
      "late": false,
      "status": "complete",
      "result": "pass",
      "language": "python3",
      "marks": 56,
      "user": 1,
      "assessment": 11,
      "created_at": "2018-02-27T14:53:11.279Z",
      "updated_at": "2018-02-27T14:53:14.365Z"
    }
  },
  {
    "model": "app.submission",
    "pk": 12,
    "fields": {
      "filename": "python3resource.py",
      "info": "All tests cleared! Great job!",
      "timeTaken": "0.0000",
      "late": false,
      "status": "complete",
      "result": "pass",
      "language": "python3",
      "marks": 100,
      "user": 2,
      "assessment": 1,
      "created_at": "2018-02-27T22:44:27.288Z",
      "updated_at": "2018-02-27T22:44:31.717Z"
    }
  },
  {
    "model": "app.submission",
    "pk": 13,
    "fields": {
      "filename": "python3resource.py",
      "info": "All tests cleared! Great job!",
      "timeTaken": "0.0000",
      "late": false,
      "status": "complete",
      "result": "pass",
      "language": "python3",
      "marks": 100,
      "user": 2,
      "assessment": 1,
      "created_at": "2018-02-27T22:46:00.417Z",
      "updated_at": "2018-02-27T22:46:03.777Z"
    }
  },
  {
    "model": "app.submission",
    "pk": 14,
    "fields": {
      "filename": "python3resource.py",
      "info": "All tests cleared! Great job!",
      "timeTaken": "0.0000",
      "late": false,
      "status": "complete",
      "result": "pass",
      "language": "python3",
      "marks": 100,
      "user": 2,
      "assessment": 1,
      "created_at": "2018-02-27T22:54:16.840Z",
      "updated_at": "2018-02-27T22:54:20.195Z"
    }
  },
  {
    "model": "app.submission",
    "pk": 15,
    "fields": {
      "filename": "python3resource.py",
      "info": "All tests cleared! Great job!",
      "timeTaken": "0.0000",
      "late": true,
      "status": "complete",
      "result": "pass",
      "language": "python3",
      "marks": 100,
      "user": 1,
      "assessment": 3,
      "created_at": "2018-02-27T22:54:58.690Z",
      "updated_at": "2018-02-28T01:03:30.367Z"
    }
  },
  {
    "model": "app.submission",
    "pk": 20,
    "fields": {
      "filename": "python3resource.py",
      "info": "All tests cleared! Great job!",
      "timeTaken": "0.0000",
      "late": true,
      "status": "complete",
      "result": "pass",
      "language": "python3",
      "marks": 99,
      "user": 1,
      "assessment": 1,
      "created_at": "2018-02-27T23:00:35.692Z",
      "updated_at": "2018-03-15T17:28:10.890Z"
    }
  },
  {
    "model": "app.submission",
    "pk": 21,
    "fields": {
      "filename": "python3resource.py",
      "info": "All tests cleared! Great job!",
      "timeTaken": "0.0000",
      "late": false,
      "status": "complete",
      "result": "pass",
      "language": "python3",
      "marks": 100,
      "user": 1,
      "assessment": 1,
      "created_at": "2018-02-27T23:02:02.567Z",
      "updated_at": "2018-02-27T23:02:05.842Z"
    }
  },
  {
    "model": "app.submission",
    "pk": 22,
    "fields": {
      "filename": "python3resource.py",
      "info": "All tests cleared! Great job!",
      "timeTaken": "0.0000",
      "late": false,
      "status": "complete",
      "result": "pass",
      "language": "python3",
      "marks": 100,
      "user": 1,
      "assessment": 1,
      "created_at": "2018-02-27T23:12:42.850Z",
      "updated_at": "2018-02-28T00:11:32.372Z"
    }
  },
  {
    "model": "app.submission",
    "pk": 23,
    "fields": {
      "filename": "python3resource.py",
      "info": "All tests cleared! Great job!",
      "timeTaken": "0.0000",
      "late": true,
      "status": "complete",
      "result": "pass",
      "language": "python3",
      "marks": 100,
      "user": 1,
      "assessment": 1,
      "created_at": "2018-02-27T23:14:16.438Z",
      "updated_at": "2018-02-27T23:14:19.841Z"
    }
  },
  {
    "model": "app.submission",
    "pk": 24,
    "fields": {
      "filename": "python3resource.py",
      "info": "All tests cleared! Great job!",
      "timeTaken": "0.0000",
      "late": false,
      "status": "complete",
      "result": "pass",
      "language": "python3",
      "marks": 100,
      "user": 1,
      "assessment": 1,
      "created_at": "2018-02-28T00:08:52.384Z",
      "updated_at": "2018-02-28T00:11:46.419Z"
    }
  },
  {
    "model": "app.submission",
    "pk": 25,
    "fields": {
      "filename": "python3resource.py",
      "info": "All tests cleared! Great job!",
      "timeTaken": "0.0000",
      "late": true,
      "status": "complete",
      "result": "pass",
      "language": "python3",
      "marks": 100,
      "user": 1,
      "assessment": 1,
      "created_at": "2018-02-28T00:12:09.441Z",
      "updated_at": "2018-02-28T00:12:12.720Z"
    }
  },
  {
    "model": "app.submission",
    "pk": 26,
    "fields": {
      "filename": "python3resource.py",
      "info": "Awaiting result...",
      "timeTaken": "0.0000",
      "late": true,
      "status": "in_progress",
      "result": "fail",
      "language": "python3",
      "marks": 0,
      "user": 1,
      "assessment": 6,
      "created_at": "2018-02-28T00:53:56.336Z",
      "updated_at": "2018-02-28T00:53:56.392Z"
    }
  },
  {
    "model": "app.submission",
    "pk": 27,
    "fields": {
      "filename": "python3resource.py",
      "info": "All tests cleared! Great job!",
      "timeTaken": "0.0000",
      "late": true,
      "status": "complete",
      "result": "pass",
      "language": "python3",
      "marks": 100,
      "user": 1,
      "assessment": 1,
      "created_at": "2018-02-28T00:54:13.605Z",
      "updated_at": "2018-02-28T00:54:16.737Z"
    }
  },
  {
    "model": "app.submission",
    "pk": 28,
    "fields": {
      "filename": "python3resource.py",
      "info": "All tests cleared! Great job!",
      "timeTaken": "0.0000",
      "late": true,
      "status": "complete",
      "result": "pass",
      "language": "python3",
      "marks": 100,
      "user": 2,
      "assessment": 1,
      "created_at": "2018-03-01T13:44:57.151Z",
      "updated_at": "2018-03-01T13:45:00.625Z"
    }
  },
  {
    "model": "app.submission",
    "pk": 29,
    "fields": {
      "filename": "python3resource.py",
      "info": "All tests cleared! Great job!",
      "timeTaken": "0.0000",
      "late": true,
      "status": "complete",
      "result": "pass",
      "language": "python3",
      "marks": 100,
      "user": 2,
      "assessment": 1,
      "created_at": "2018-03-02T13:51:52.800Z",
      "updated_at": "2018-03-02T13:51:56.091Z"
    }
  },
  {
    "model": "app.submission",
    "pk": 30,
    "fields": {
      "filename": "python3resource.py",
      "info": "All tests cleared! Great job!",
      "timeTaken": "0.0000",
      "late": true,
      "status": "complete",
      "result": "pass",
      "language": "python3",
      "marks": 100,
      "user": 2,
      "assessment": 1,
      "created_at": "2018-03-02T16:30:54.479Z",
      "updated_at": "2018-03-02T16:30:57.856Z"
    }
  },
  {
    "model": "app.submission",
    "pk": 31,
    "fields": {
      "filename": "python3resource.py",
      "info": "All tests cleared! Great job!",
      "timeTaken": "0.0000",
      "late": true,
      "status": "complete",
      "result": "pass",
      "language": "python3",
      "marks": 100,
      "user": 2,
      "assessment": 1,
      "created_at": "2018-03-02T16:31:33.091Z",
      "updated_at": "2018-03-02T16:31:36.209Z"
    }
  },
  {
    "model": "app.submission",
    "pk": 32,
    "fields": {
      "filename": "python3resource.py",
      "info": "Awaiting result...",
      "timeTaken": "0.0000",
      "late": true,
      "status": "in_progress",
      "result": "fail",
      "language": "python3",
      "marks": 0,
      "user": 1,
      "assessment": 1,
      "created_at": "2018-03-11T13:59:00.558Z",
      "updated_at": "2018-03-11T13:59:00.610Z"
    }
  },
  {
    "model": "app.submission",
    "pk": 33,
    "fields": {
      "filename": "python3resource.py",
      "info": "Awaiting result...",
      "timeTaken": "0.0000",
      "late": true,
      "status": "in_progress",
      "result": "fail",
      "language": "python3",
      "marks": 0,
      "user": 1,
      "assessment": 1,
      "created_at": "2018-03-11T13:59:49.735Z",
      "updated_at": "2018-03-11T13:59:49.795Z"
    }
  },
  {
    "model": "app.course",
    "pk": 1,
    "fields": {
      "name": "CS2020 - What is love",
      "description": "Scourge of the seven seas belaying pin brigantine Buccaneer Davy Jones' Locker chase keel hardtack tack driver. Take a caulk careen cackle fruit chase guns belay landlubber or just lubber nipperkin jury mast matey hands. Gabion lad pillage maroon topgallant piracy black jack no prey, no pay skysail American Main.",
      "created_at": "2018-02-27T14:26:08.002Z",
      "updated_at": "2018-02-27T14:26:08.002Z",
      "professor": 1,
      "students": [
        1,
        2
      ]
    }
  },
  {
    "model": "app.course",
    "pk": 2,
    "fields": {
      "name": "CS2021 - Gandalf the wise",
      "description": "Bowsprit mizzen keel keelhaul jury mast deadlights poop deck ho killick furl. Sutler skysail Jolly Roger Gold Road to go on account reef sails gunwalls black jack Pirate Round plunder. No prey, no pay mutiny ho sheet come about crimp Jolly Roger gangplank keel to go on account.",
      "created_at": "2018-02-27T14:26:08.002Z",
      "updated_at": "2018-02-27T14:26:08.002Z",
      "professor": 1,
      "students": [
        1,
        2
      ]
    }
  },
  {
    "model": "app.course",
    "pk": 3,
    "fields": {
      "name": "CS2022 - Lorem Hipsum",
      "description": "Davy Jones' Locker hogshead keel coffer wherry rigging spike Privateer red ensign cutlass. Scurvy coxswain holystone scallywag prow nipper splice the main brace hands case shot starboard. Yard Letter of Marque lanyard yardarm Plate Fleet bilge squiffy schooner holystone hail-shot.",
      "created_at": "2018-02-27T14:26:08.002Z",
      "updated_at": "2018-02-27T14:26:08.002Z",
      "professor": 1,
      "students": [
        1,
        2
      ]
    }
  },
  {
    "model": "app.course",
    "pk": 4,
    "fields": {
      "name": "CS2023 - Great lakes",
      "description": "Furl Admiral of the Black lugger bowsprit shrouds reef list driver lass crimp. Gangplank grapple code of conduct chase smartly Admiral of the Black American Main provost Shiver me timbers deadlights. Yo-ho-ho brig sheet Shiver me timbers Sea Legs shrouds doubloon hempen halter clipper carouser.",
      "created_at": "2018-02-27T14:26:08.002Z",
      "updated_at": "2018-02-27T14:26:08.002Z",
      "professor": 1,
      "students": [
        1
      ]
    }
  }
]